Workbook

Sheet Instructions
B1: NASA Task Load Index (NASA-TLX)
B3: What it measures
B4: Perceived workload on six sub-scales: Mental Demand, Physical Demand, Temporal Demand, Performance, Effort and Frustration.
B6: Administration
B7: 1. Read the six sub-scale definitions aloud (Subscale_Definitions sheet) before the first administration. Participants must understand Performance is rated Perfect -> Failure, so a HIGH number means WORSE performance.
B8: 2. Immediately after each task/condition, collect the six ratings on a 0-100 line marked in 5-point steps (21 tick marks).
B9: 3. Collect the 15 pairwise weight comparisons ONCE per participant, after all conditions, unless the tasks differ so much that per-condition weights are justified. Present each pair and ask: 'Which contributed more to the workload of this task?'
B10: 4. There is no right answer; do not let the participant see their earlier ratings.
B12: Scoring
B13: Weight of a sub-scale = number of times it was chosen across the 15 pairwise comparisons (0-5). The six weights must sum to 15.
B14: Weighted (adjusted) TLX = SUM(rating_i x weight_i) / 15, on 0-100.
B15: Raw TLX (RTLX) = unweighted mean of the six ratings. Widely used and typically correlates >0.95 with the weighted score; report which one you used.
... B30: Hart, S. G. (2006). NASA-Task Load Index (NASA-TLX); 20 years later. HFES Annual Meeting, 904-908.

Sheet Subscale_Definitions
A1: Code | B1: Sub-scale | C1: Endpoints | D1: Definition read to the participant
A3: MD | B3: Mental Demand | C3: Very Low ... Very High | D3: How much mental and perceptual activity was required (thinking, deciding, searching, remembering)? Was the task easy or demanding, simple or complex?
A4: PD | B4: Physical Demand | C4: Very Low ... Very High | D4: How much physical activity was required (holding the phone, head and neck posture, holding a fixation)? Was the task restful or laborious?
A5: TD | B5: Temporal Demand | C5: Very Low ... Very High | D5: How much time pressure did you feel due to the rate at which the task or task elements occurred? Was the pace slow and leisurely or rapid and frantic?
A6: PE | B6: Performance | C6: Perfect ... Failure | D6: How successful do you think you were in accomplishing the goals of the task? How satisfied were you with your performance?
A7: EF | B7: Effort | C7: Very Low ... Very High | D7: How hard did you have to work (mentally and physically) to accomplish your level of performance?
A8: FR | B8: Frustration | C8: Very Low ... Very High | D8: How insecure, discouraged, irritated, stressed and annoyed versus secure, gratified, content, relaxed and complacent did you feel during the task?
B10: NOTE: Performance is reverse-anchored (0 = Perfect, 100 = Failure). Do not flip it during entry; the scoring already treats a high value as poor performance.

Sheet TLX_Ratings
A1: Participant ID | B1: Condition | C1: Date | D1: MD — Mental Demand (0-100) | E1: PD — Physical Demand (0-100) | F1: TD — Temporal Demand (0-100) | G1: PE — Performance (0-100) | H1: EF — Effort (0-100) | I1: FR — Frustration (0-100) | J1: Complete | K1: Raw TLX (RTLX)
A2: P01 | J2: =COUNT(D2:I2) | K2: =IF(COUNT(D2:I2)<6,"",AVERAGE(D2:I2))
A3: P02 | J3: =COUNT(D3:I3) | K3: =IF(COUNT(D3:I3)<6,"",AVERAGE(D3:I3))
A4: P03 | J4: =COUNT(D4:I4) | K4: =IF(COUNT(D4:I4)<6,"",AVERAGE(D4:I4))
A5: P04 | J5: =COUNT(D5:I5) | K5: =IF(COUNT(D5:I5)<6,"",AVERAGE(D5:I5))
A6: P05 | J6: =COUNT(D6:I6) | K6: =IF(COUNT(D6:I6)<6,"",AVERAGE(D6:I6))
A7: P06 | J7: =COUNT(D7:I7) | K7: =IF(COUNT(D7:I7)<6,"",AVERAGE(D7:I7))
A8: P07 | J8: =COUNT(D8:I8) | K8: =IF(COUNT(D8:I8)<6,"",AVERAGE(D8:I8))
A9: P08 | J9: =COUNT(D9:I9) | K9: =IF(COUNT(D9:I9)<6,"",AVERAGE(D9:I9))
A10: P09 | J10: =COUNT(D10:I10) | K10: =IF(COUNT(D10:I10)<6,"",AVERAGE(D10:I10))
A11: P10 | J11: =COUNT(D11:I11) | K11: =IF(COUNT(D11:I11)<6,"",AVERAGE(D11:I11))
A12: P11 | J12: =COUNT(D12:I12) | K12: =IF(COUNT(D12:I12)<6,"",AVERAGE(D12:I12))
A13: P12 | J13: =COUNT(D13:I13) | K13: =IF(COUNT(D13:I13)<6,"",AVERAGE(D13:I13))
... A31: P30 | J31: =COUNT(D31:I31) | K31: =IF(COUNT(D31:I31)<6,"",AVERAGE(D31:I31))

Sheet Pairwise_Weights
A1: Participant ID | B1: 1. MD vs PD | C1: 2. MD vs TD | D1: 3. MD vs PE | E1: 4. MD vs EF | F1: 5. MD vs FR | G1: 6. PD vs TD | H1: 7. PD vs PE | I1: 8. PD vs EF | J1: 9. PD vs FR | K1: 10. TD vs PE | L1: 11. TD vs EF | M1: 12. TD vs FR | N1: 13. PE vs EF | O1: 14. PE vs FR | P1: 15. EF vs FR | Q1: w(MD) | R1: w(PD) | S1: w(TD) | T1: w(PE) | U1: w(EF) | V1: w(FR) | W1: Sum = 15?
A2: P01 | Q2: =COUNTIF($B2:$P2,"MD") | R2: =COUNTIF($B2:$P2,"PD") | S2: =COUNTIF($B2:$P2,"TD") | T2: =COUNTIF($B2:$P2,"PE") | U2: =COUNTIF($B2:$P2,"EF") | V2: =COUNTIF($B2:$P2,"FR") | W2: =IF(COUNTA($B2:$P2)=0,"",IF(SUM(Q2:V2)=15,"OK","CHECK"))
A3: P02 | Q3: =COUNTIF($B3:$P3,"MD") | R3: =COUNTIF($B3:$P3,"PD") | S3: =COUNTIF($B3:$P3,"TD") | T3: =COUNTIF($B3:$P3,"PE") | U3: =COUNTIF($B3:$P3,"EF") | V3: =COUNTIF($B3:$P3,"FR") | W3: =IF(COUNTA($B3:$P3)=0,"",IF(SUM(Q3:V3)=15,"OK","CHECK"))
A4: P03 | Q4: =COUNTIF($B4:$P4,"MD") | R4: =COUNTIF($B4:$P4,"PD") | S4: =COUNTIF($B4:$P4,"TD") | T4: =COUNTIF($B4:$P4,"PE") | U4: =COUNTIF($B4:$P4,"EF") | V4: =COUNTIF($B4:$P4,"FR") | W4: =IF(COUNTA($B4:$P4)=0,"",IF(SUM(Q4:V4)=15,"OK","CHECK"))
A5: P04 | Q5: =COUNTIF($B5:$P5,"MD") | R5: =COUNTIF($B5:$P5,"PD") | S5: =COUNTIF($B5:$P5,"TD") | T5: =COUNTIF($B5:$P5,"PE") | U5: =COUNTIF($B5:$P5,"EF") | V5: =COUNTIF($B5:$P5,"FR") | W5: =IF(COUNTA($B5:$P5)=0,"",IF(SUM(Q5:V5)=15,"OK","CHECK"))
A6: P05 | Q6: =COUNTIF($B6:$P6,"MD") | R6: =COUNTIF($B6:$P6,"PD") | S6: =COUNTIF($B6:$P6,"TD") | T6: =COUNTIF($B6:$P6,"PE") | U6: =COUNTIF($B6:$P6,"EF") | V6: =COUNTIF($B6:$P6,"FR") | W6: =IF(COUNTA($B6:$P6)=0,"",IF(SUM(Q6:V6)=15,"OK","CHECK"))
A7: P06 | Q7: =COUNTIF($B7:$P7,"MD") | R7: =COUNTIF($B7:$P7,"PD") | S7: =COUNTIF($B7:$P7,"TD") | T7: =COUNTIF($B7:$P7,"PE") | U7: =COUNTIF($B7:$P7,"EF") | V7: =COUNTIF($B7:$P7,"FR") | W7: =IF(COUNTA($B7:$P7)=0,"",IF(SUM(Q7:V7)=15,"OK","CHECK"))
A8: P07 | Q8: =COUNTIF($B8:$P8,"MD") | R8: =COUNTIF($B8:$P8,"PD") | S8: =COUNTIF($B8:$P8,"TD") | T8: =COUNTIF($B8:$P8,"PE") | U8: =COUNTIF($B8:$P8,"EF") | V8: =COUNTIF($B8:$P8,"FR") | W8: =IF(COUNTA($B8:$P8)=0,"",IF(SUM(Q8:V8)=15,"OK","CHECK"))
A9: P08 | Q9: =COUNTIF($B9:$P9,"MD") | R9: =COUNTIF($B9:$P9,"PD") | S9: =COUNTIF($B9:$P9,"TD") | T9: =COUNTIF($B9:$P9,"PE") | U9: =COUNTIF($B9:$P9,"EF") | V9: =COUNTIF($B9:$P9,"FR") | W9: =IF(COUNTA($B9:$P9)=0,"",IF(SUM(Q9:V9)=15,"OK","CHECK"))
A10: P09 | Q10: =COUNTIF($B10:$P10,"MD") | R10: =COUNTIF($B10:$P10,"PD") | S10: =COUNTIF($B10:$P10,"TD") | T10: =COUNTIF($B10:$P10,"PE") | U10: =COUNTIF($B10:$P10,"EF") | V10: =COUNTIF($B10:$P10,"FR") | W10: =IF(COUNTA($B10:$P10)=0,"",IF(SUM(Q10:V10)=15,"OK","CHECK"))
A11: P10 | Q11: =COUNTIF($B11:$P11,"MD") | R11: =COUNTIF($B11:$P11,"PD") | S11: =COUNTIF($B11:$P11,"TD") | T11: =COUNTIF($B11:$P11,"PE") | U11: =COUNTIF($B11:$P11,"EF") | V11: =COUNTIF($B11:$P11,"FR") | W11: =IF(COUNTA($B11:$P11)=0,"",IF(SUM(Q11:V11)=15,"OK","CHECK"))
A12: P11 | Q12: =COUNTIF($B12:$P12,"MD") | R12: =COUNTIF($B12:$P12,"PD") | S12: =COUNTIF($B12:$P12,"TD") | T12: =COUNTIF($B12:$P12,"PE") | U12: =COUNTIF($B12:$P12,"EF") | V12: =COUNTIF($B12:$P12,"FR") | W12: =IF(COUNTA($B12:$P12)=0,"",IF(SUM(Q12:V12)=15,"OK","CHECK"))
A13: P12 | Q13: =COUNTIF($B13:$P13,"MD") | R13: =COUNTIF($B13:$P13,"PD") | S13: =COUNTIF($B13:$P13,"TD") | T13: =COUNTIF($B13:$P13,"PE") | U13: =COUNTIF($B13:$P13,"EF") | V13: =COUNTIF($B13:$P13,"FR") | W13: =IF(COUNTA($B13:$P13)=0,"",IF(SUM(Q13:V13)=15,"OK","CHECK"))
... A31: P30 | Q31: =COUNTIF($B31:$P31,"MD") | R31: =COUNTIF($B31:$P31,"PD") | S31: =COUNTIF($B31:$P31,"TD") | T31: =COUNTIF($B31:$P31,"PE") | U31: =COUNTIF($B31:$P31,"EF") | V31: =COUNTIF($B31:$P31,"FR") | W31: =IF(COUNTA($B31:$P31)=0,"",IF(SUM(Q31:V31)=15,"OK","CHECK"))
A33: Enter the sub-scale code the participant chose as the LARGER contributor to workload for each pair. Weights (Q:V) and the sum check (W) update automatically; 'CHECK' means a pair is missing or mistyped.

Sheet Weighted_Scores
A1: Participant ID | B1: Condition | C1: MD rating | D1: PD rating | E1: TD rating | F1: PE rating | G1: EF rating | H1: FR rating | I1: MD weight | J1: PD weight | K1: TD weight | L1: PE weight | M1: EF weight | N1: FR weight | O1: Weighted TLX (0-100) | P1: Raw TLX (RTLX) | Q1: Workload band | R1: Top driver
A2: =TLX_Ratings!A2 | B2: =TLX_Ratings!B2 | C2: =IF(TLX_Ratings!D2="","",TLX_Ratings!D2) | D2: =IF(TLX_Ratings!E2="","",TLX_Ratings!E2) | E2: =IF(TLX_Ratings!F2="","",TLX_Ratings!F2) | F2: =IF(TLX_Ratings!G2="","",TLX_Ratings!G2) | G2: =IF(TLX_Ratings!H2="","",TLX_Ratings!H2) | H2: =IF(TLX_Ratings!I2="","",TLX_Ratings!I2) | I2: =IFERROR(INDEX(Pairwise_Weights!$Q:$V,MATCH($A2,Pairwise_Weights!$A:$A,0),1),"") | J2: =IFERROR(INDEX(Pairwise_Weights!$Q:$V,MATCH($A2,Pairwise_Weights!$A:$A,0),2),"") | K2: =IFERROR(INDEX(Pairwise_Weights!$Q:$V,MATCH($A2,Pairwise_Weights!$A:$A,0),3),"") | L2: =IFERROR(INDEX(Pairwise_Weights!$Q:$V,MATCH($A2,Pairwise_Weights!$A:$A,0),4),"") | M2: =IFERROR(INDEX(Pairwise_Weights!$Q:$V,MATCH($A2,Pairwise_Weights!$A:$A,0),5),"") | N2: =IFERROR(INDEX(Pairwise_Weights!$Q:$V,MATCH($A2,Pairwise_Weights!$A:$A,0),6),"") | O2: =IF(OR(COUNT(C2:H2)<6,SUM(I2:N2)<>15),"",SUMPRODUCT(C2:H2,I2:N2)/15) | P2: =IF(COUNT(C2:H2)<6,"",AVERAGE(C2:H2)) | Q2: =IF(P2="","",IF(P2<10,"Very low",IF(P2<30,"Low",IF(P2<50,"Medium",IF(P2<80,"High","Very high"))))) | R2: =IF(COUNT(C2:H2)<6,"",INDEX(Subscale_Definitions!$B$2:$B$7,MATCH(MAX(C2:H2),C2:H2,0)))
A3: =TLX_Ratings!A3 | B3: =TLX_Ratings!B3 | C3: =IF(TLX_Ratings!D3="","",TLX_Ratings!D3) | D3: =IF(TLX_Ratings!E3="","",TLX_Ratings!E3) | E3: =IF(TLX_Ratings!F3="","",TLX_Ratings!F3) | F3: =IF(TLX_Ratings!G3="","",TLX_Ratings!G3) | G3: =IF(TLX_Ratings!H3="","",TLX_Ratings!H3) | H3: =IF(TLX_Ratings!I3="","",TLX_Ratings!I3) | I3: =IFERROR(INDEX(Pairwise_Weights!$Q:$V,MATCH($A3,Pairwise_Weights!$A:$A,0),1),"") | J3: =IFERROR(INDEX(Pairwise_Weights!$Q:$V,MATCH($A3,Pairwise_Weights!$A:$A,0),2),"") | K3: =IFERROR(INDEX(Pairwise_Weights!$Q:$V,MATCH($A3,Pairwise_Weights!$A:$A,0),3),"") | L3: =IFERROR(INDEX(Pairwise_Weights!$Q:$V,MATCH($A3,Pairwise_Weights!$A:$A,0),4),"") | M3: =IFERROR(INDEX(Pairwise_Weights!$Q:$V,MATCH($A3,Pairwise_Weights!$A:$A,0),5),"") | N3: =IFERROR(INDEX(Pairwise_Weights!$Q:$V,MATCH($A3,Pairwise_Weights!$A:$A,0),6),"") | O3: =IF(OR(COUNT(C3:H3)<6,SUM(I3:N3)<>15),"",SUMPRODUCT(C3:H3,I3:N3)/15) | P3: =IF(COUNT(C3:H3)<6,"",AVERAGE(C3:H3)) | Q3: =IF(P3="","",IF(P3<10,"Very low",IF(P3<30,"Low",IF(P3<50,"Medium",IF(P3<80,"High","Very high"))))) | R3: =IF(COUNT(C3:H3)<6,"",INDEX(Subscale_Definitions!$B$2:$B$7,MATCH(MAX(C3:H3),C3:H3,0)))
A4: =TLX_Ratings!A4 | B4: =TLX_Ratings!B4 | C4: =IF(TLX_Ratings!D4="","",TLX_Ratings!D4) | D4: =IF(TLX_Ratings!E4="","",TLX_Ratings!E4) | E4: =IF(TLX_Ratings!F4="","",TLX_Ratings!F4) | F4: =IF(TLX_Ratings!G4="","",TLX_Ratings!G4) | G4: =IF(TLX_Ratings!H4="","",TLX_Ratings!H4) | H4: =IF(TLX_Ratings!I4="","",TLX_Ratings!I4) | I4: =IFERROR(INDEX(Pairwise_Weights!$Q:$V,MATCH($A4,Pairwise_Weights!$A:$A,0),1),"") | J4: =IFERROR(INDEX(Pairwise_Weights!$Q:$V,MATCH($A4,Pairwise_Weights!$A:$A,0),2),"") | K4: =IFERROR(INDEX(Pairwise_Weights!$Q:$V,MATCH($A4,Pairwise_Weights!$A:$A,0),3),"") | L4: =IFERROR(INDEX(Pairwise_Weights!$Q:$V,MATCH($A4,Pairwise_Weights!$A:$A,0),4),"") | M4: =IFERROR(INDEX(Pairwise_Weights!$Q:$V,MATCH($A4,Pairwise_Weights!$A:$A,0),5),"") | N4: =IFERROR(INDEX(Pairwise_Weights!$Q:$V,MATCH($A4,Pairwise_Weights!$A:$A,0),6),"") | O4: =IF(OR(COUNT(C4:H4)<6,SUM(I4:N4)<>15),"",SUMPRODUCT(C4:H4,I4:N4)/15) | P4: =IF(COUNT(C4:H4)<6,"",AVERAGE(C4:H4)) | Q4: =IF(P4="","",IF(P4<10,"Very low",IF(P4<30,"Low",IF(P4<50,"Medium",IF(P4<80,"High","Very high"))))) | R4: =IF(COUNT(C4:H4)<6,"",INDEX(Subscale_Definitions!$B$2:$B$7,MATCH(MAX(C4:H4),C4:H4,0)))
A5: =TLX_Ratings!A5 | B5: =TLX_Ratings!B5 | C5: =IF(TLX_Ratings!D5="","",TLX_Ratings!D5) | D5: =IF(TLX_Ratings!E5="","",TLX_Ratings!E5) | E5: =IF(TLX_Ratings!F5="","",TLX_Ratings!F5) | F5: =IF(TLX_Ratings!G5="","",TLX_Ratings!G5) | G5: =IF(TLX_Ratings!H5="","",TLX_Ratings!H5) | H5: =IF(TLX_Ratings!I5="","",TLX_Ratings!I5) | I5: =IFERROR(INDEX(Pairwise_Weights!$Q:$V,MATCH($A5,Pairwise_Weights!$A:$A,0),1),"") | J5: =IFERROR(INDEX(Pairwise_Weights!$Q:$V,MATCH($A5,Pairwise_Weights!$A:$A,0),2),"") | K5: =IFERROR(INDEX(Pairwise_Weights!$Q:$V,MATCH($A5,Pairwise_Weights!$A:$A,0),3),"") | L5: =IFERROR(INDEX(Pairwise_Weights!$Q:$V,MATCH($A5,Pairwise_Weights!$A:$A,0),4),"") | M5: =IFERROR(INDEX(Pairwise_Weights!$Q:$V,MATCH($A5,Pairwise_Weights!$A:$A,0),5),"") | N5: =IFERROR(INDEX(Pairwise_Weights!$Q:$V,MATCH($A5,Pairwise_Weights!$A:$A,0),6),"") | O5: =IF(OR(COUNT(C5:H5)<6,SUM(I5:N5)<>15),"",SUMPRODUCT(C5:H5,I5:N5)/15) | P5: =IF(COUNT(C5:H5)<6,"",AVERAGE(C5:H5)) | Q5: =IF(P5="","",IF(P5<10,"Very low",IF(P5<30,"Low",IF(P5<50,"Medium",IF(P5<80,"High","Very high"))))) | R5: =IF(COUNT(C5:H5)<6,"",INDEX(Subscale_Definitions!$B$2:$B$7,MATCH(MAX(C5:H5),C5:H5,0)))
A6: =TLX_Ratings!A6 | B6: =TLX_Ratings!B6 | C6: =IF(TLX_Ratings!D6="","",TLX_Ratings!D6) | D6: =IF(TLX_Ratings!E6="","",TLX_Ratings!E6) | E6: =IF(TLX_Ratings!F6="","",TLX_Ratings!F6) | F6: =IF(TLX_Ratings!G6="","",TLX_Ratings!G6) | G6: =IF(TLX_Ratings!H6="","",TLX_Ratings!H6) | H6: =IF(TLX_Ratings!I6="","",TLX_Ratings!I6) | I6: =IFERROR(INDEX(Pairwise_Weights!$Q:$V,MATCH($A6,Pairwise_Weights!$A:$A,0),1),"") | J6: =IFERROR(INDEX(Pairwise_Weights!$Q:$V,MATCH($A6,Pairwise_Weights!$A:$A,0),2),"") | K6: =IFERROR(INDEX(Pairwise_Weights!$Q:$V,MATCH($A6,Pairwise_Weights!$A:$A,0),3),"") | L6: =IFERROR(INDEX(Pairwise_Weights!$Q:$V,MATCH($A6,Pairwise_Weights!$A:$A,0),4),"") | M6: =IFERROR(INDEX(Pairwise_Weights!$Q:$V,MATCH($A6,Pairwise_Weights!$A:$A,0),5),"") | N6: =IFERROR(INDEX(Pairwise_Weights!$Q:$V,MATCH($A6,Pairwise_Weights!$A:$A,0),6),"") | O6: =IF(OR(COUNT(C6:H6)<6,SUM(I6:N6)<>15),"",SUMPRODUCT(C6:H6,I6:N6)/15) | P6: =IF(COUNT(C6:H6)<6,"",AVERAGE(C6:H6)) | Q6: =IF(P6="","",IF(P6<10,"Very low",IF(P6<30,"Low",IF(P6<50,"Medium",IF(P6<80,"High","Very high"))))) | R6: =IF(COUNT(C6:H6)<6,"",INDEX(Subscale_Definitions!$B$2:$B$7,MATCH(MAX(C6:H6),C6:H6,0)))
A7: =TLX_Ratings!A7 | B7: =TLX_Ratings!B7 | C7: =IF(TLX_Ratings!D7="","",TLX_Ratings!D7) | D7: =IF(TLX_Ratings!E7="","",TLX_Ratings!E7) | E7: =IF(TLX_Ratings!F7="","",TLX_Ratings!F7) | F7: =IF(TLX_Ratings!G7="","",TLX_Ratings!G7) | G7: =IF(TLX_Ratings!H7="","",TLX_Ratings!H7) | H7: =IF(TLX_Ratings!I7="","",TLX_Ratings!I7) | I7: =IFERROR(INDEX(Pairwise_Weights!$Q:$V,MATCH($A7,Pairwise_Weights!$A:$A,0),1),"") | J7: =IFERROR(INDEX(Pairwise_Weights!$Q:$V,MATCH($A7,Pairwise_Weights!$A:$A,0),2),"") | K7: =IFERROR(INDEX(Pairwise_Weights!$Q:$V,MATCH($A7,Pairwise_Weights!$A:$A,0),3),"") | L7: =IFERROR(INDEX(Pairwise_Weights!$Q:$V,MATCH($A7,Pairwise_Weights!$A:$A,0),4),"") | M7: =IFERROR(INDEX(Pairwise_Weights!$Q:$V,MATCH($A7,Pairwise_Weights!$A:$A,0),5),"") | N7: =IFERROR(INDEX(Pairwise_Weights!$Q:$V,MATCH($A7,Pairwise_Weights!$A:$A,0),6),"") | O7: =IF(OR(COUNT(C7:H7)<6,SUM(I7:N7)<>15),"",SUMPRODUCT(C7:H7,I7:N7)/15) | P7: =IF(COUNT(C7:H7)<6,"",AVERAGE(C7:H7)) | Q7: =IF(P7="","",IF(P7<10,"Very low",IF(P7<30,"Low",IF(P7<50,"Medium",IF(P7<80,"High","Very high"))))) | R7: =IF(COUNT(C7:H7)<6,"",INDEX(Subscale_Definitions!$B$2:$B$7,MATCH(MAX(C7:H7),C7:H7,0)))
A8: =TLX_Ratings!A8 | B8: =TLX_Ratings!B8 | C8: =IF(TLX_Ratings!D8="","",TLX_Ratings!D8) | D8: =IF(TLX_Ratings!E8="","",TLX_Ratings!E8) | E8: =IF(TLX_Ratings!F8="","",TLX_Ratings!F8) | F8: =IF(TLX_Ratings!G8="","",TLX_Ratings!G8) | G8: =IF(TLX_Ratings!H8="","",TLX_Ratings!H8) | H8: =IF(TLX_Ratings!I8="","",TLX_Ratings!I8) | I8: =IFERROR(INDEX(Pairwise_Weights!$Q:$V,MATCH($A8,Pairwise_Weights!$A:$A,0),1),"") | J8: =IFERROR(INDEX(Pairwise_Weights!$Q:$V,MATCH($A8,Pairwise_Weights!$A:$A,0),2),"") | K8: =IFERROR(INDEX(Pairwise_Weights!$Q:$V,MATCH($A8,Pairwise_Weights!$A:$A,0),3),"") | L8: =IFERROR(INDEX(Pairwise_Weights!$Q:$V,MATCH($A8,Pairwise_Weights!$A:$A,0),4),"") | M8: =IFERROR(INDEX(Pairwise_Weights!$Q:$V,MATCH($A8,Pairwise_Weights!$A:$A,0),5),"") | N8: =IFERROR(INDEX(Pairwise_Weights!$Q:$V,MATCH($A8,Pairwise_Weights!$A:$A,0),6),"") | O8: =IF(OR(COUNT(C8:H8)<6,SUM(I8:N8)<>15),"",SUMPRODUCT(C8:H8,I8:N8)/15) | P8: =IF(COUNT(C8:H8)<6,"",AVERAGE(C8:H8)) | Q8: =IF(P8="","",IF(P8<10,"Very low",IF(P8<30,"Low",IF(P8<50,"Medium",IF(P8<80,"High","Very high"))))) | R8: =IF(COUNT(C8:H8)<6,"",INDEX(Subscale_Definitions!$B$2:$B$7,MATCH(MAX(C8:H8),C8:H8,0)))
A9: =TLX_Ratings!A9 | B9: =TLX_Ratings!B9 | C9: =IF(TLX_Ratings!D9="","",TLX_Ratings!D9) | D9: =IF(TLX_Ratings!E9="","",TLX_Ratings!E9) | E9: =IF(TLX_Ratings!F9="","",TLX_Ratings!F9) | F9: =IF(TLX_Ratings!G9="","",TLX_Ratings!G9) | G9: =IF(TLX_Ratings!H9="","",TLX_Ratings!H9) | H9: =IF(TLX_Ratings!I9="","",TLX_Ratings!I9) | I9: =IFERROR(INDEX(Pairwise_Weights!$Q:$V,MATCH($A9,Pairwise_Weights!$A:$A,0),1),"") | J9: =IFERROR(INDEX(Pairwise_Weights!$Q:$V,MATCH($A9,Pairwise_Weights!$A:$A,0),2),"") | K9: =IFERROR(INDEX(Pairwise_Weights!$Q:$V,MATCH($A9,Pairwise_Weights!$A:$A,0),3),"") | L9: =IFERROR(INDEX(Pairwise_Weights!$Q:$V,MATCH($A9,Pairwise_Weights!$A:$A,0),4),"") | M9: =IFERROR(INDEX(Pairwise_Weights!$Q:$V,MATCH($A9,Pairwise_Weights!$A:$A,0),5),"") | N9: =IFERROR(INDEX(Pairwise_Weights!$Q:$V,MATCH($A9,Pairwise_Weights!$A:$A,0),6),"") | O9: =IF(OR(COUNT(C9:H9)<6,SUM(I9:N9)<>15),"",SUMPRODUCT(C9:H9,I9:N9)/15) | P9: =IF(COUNT(C9:H9)<6,"",AVERAGE(C9:H9)) | Q9: =IF(P9="","",IF(P9<10,"Very low",IF(P9<30,"Low",IF(P9<50,"Medium",IF(P9<80,"High","Very high"))))) | R9: =IF(COUNT(C9:H9)<6,"",INDEX(Subscale_Definitions!$B$2:$B$7,MATCH(MAX(C9:H9),C9:H9,0)))
A10: =TLX_Ratings!A10 | B10: =TLX_Ratings!B10 | C10: =IF(TLX_Ratings!D10="","",TLX_Ratings!D10) | D10: =IF(TLX_Ratings!E10="","",TLX_Ratings!E10) | E10: =IF(TLX_Ratings!F10="","",TLX_Ratings!F10) | F10: =IF(TLX_Ratings!G10="","",TLX_Ratings!G10) | G10: =IF(TLX_Ratings!H10="","",TLX_Ratings!H10) | H10: =IF(TLX_Ratings!I10="","",TLX_Ratings!I10) | I10: =IFERROR(INDEX(Pairwise_Weights!$Q:$V,MATCH($A10,Pairwise_Weights!$A:$A,0),1),"") | J10: =IFERROR(INDEX(Pairwise_Weights!$Q:$V,MATCH($A10,Pairwise_Weights!$A:$A,0),2),"") | K10: =IFERROR(INDEX(Pairwise_Weights!$Q:$V,MATCH($A10,Pairwise_Weights!$A:$A,0),3),"") | L10: =IFERROR(INDEX(Pairwise_Weights!$Q:$V,MATCH($A10,Pairwise_Weights!$A:$A,0),4),"") | M10: =IFERROR(INDEX(Pairwise_Weights!$Q:$V,MATCH($A10,Pairwise_Weights!$A:$A,0),5),"") | N10: =IFERROR(INDEX(Pairwise_Weights!$Q:$V,MATCH($A10,Pairwise_Weights!$A:$A,0),6),"") | O10: =IF(OR(COUNT(C10:H10)<6,SUM(I10:N10)<>15),"",SUMPRODUCT(C10:H10,I10:N10)/15) | P10: =IF(COUNT(C10:H10)<6,"",AVERAGE(C10:H10)) | Q10: =IF(P10="","",IF(P10<10,"Very low",IF(P10<30,"Low",IF(P10<50,"Medium",IF(P10<80,"High","Very high"))))) | R10: =IF(COUNT(C10:H10)<6,"",INDEX(Subscale_Definitions!$B$2:$B$7,MATCH(MAX(C10:H10),C10:H10,0)))
A11: =TLX_Ratings!A11 | B11: =TLX_Ratings!B11 | C11: =IF(TLX_Ratings!D11="","",TLX_Ratings!D11) | D11: =IF(TLX_Ratings!E11="","",TLX_Ratings!E11) | E11: =IF(TLX_Ratings!F11="","",TLX_Ratings!F11) | F11: =IF(TLX_Ratings!G11="","",TLX_Ratings!G11) | G11: =IF(TLX_Ratings!H11="","",TLX_Ratings!H11) | H11: =IF(TLX_Ratings!I11="","",TLX_Ratings!I11) | I11: =IFERROR(INDEX(Pairwise_Weights!$Q:$V,MATCH($A11,Pairwise_Weights!$A:$A,0),1),"") | J11: =IFERROR(INDEX(Pairwise_Weights!$Q:$V,MATCH($A11,Pairwise_Weights!$A:$A,0),2),"") | K11: =IFERROR(INDEX(Pairwise_Weights!$Q:$V,MATCH($A11,Pairwise_Weights!$A:$A,0),3),"") | L11: =IFERROR(INDEX(Pairwise_Weights!$Q:$V,MATCH($A11,Pairwise_Weights!$A:$A,0),4),"") | M11: =IFERROR(INDEX(Pairwise_Weights!$Q:$V,MATCH($A11,Pairwise_Weights!$A:$A,0),5),"") | N11: =IFERROR(INDEX(Pairwise_Weights!$Q:$V,MATCH($A11,Pairwise_Weights!$A:$A,0),6),"") | O11: =IF(OR(COUNT(C11:H11)<6,SUM(I11:N11)<>15),"",SUMPRODUCT(C11:H11,I11:N11)/15) | P11: =IF(COUNT(C11:H11)<6,"",AVERAGE(C11:H11)) | Q11: =IF(P11="","",IF(P11<10,"Very low",IF(P11<30,"Low",IF(P11<50,"Medium",IF(P11<80,"High","Very high"))))) | R11: =IF(COUNT(C11:H11)<6,"",INDEX(Subscale_Definitions!$B$2:$B$7,MATCH(MAX(C11:H11),C11:H11,0)))
A12: =TLX_Ratings!A12 | B12: =TLX_Ratings!B12 | C12: =IF(TLX_Ratings!D12="","",TLX_Ratings!D12) | D12: =IF(TLX_Ratings!E12="","",TLX_Ratings!E12) | E12: =IF(TLX_Ratings!F12="","",TLX_Ratings!F12) | F12: =IF(TLX_Ratings!G12="","",TLX_Ratings!G12) | G12: =IF(TLX_Ratings!H12="","",TLX_Ratings!H12) | H12: =IF(TLX_Ratings!I12="","",TLX_Ratings!I12) | I12: =IFERROR(INDEX(Pairwise_Weights!$Q:$V,MATCH($A12,Pairwise_Weights!$A:$A,0),1),"") | J12: =IFERROR(INDEX(Pairwise_Weights!$Q:$V,MATCH($A12,Pairwise_Weights!$A:$A,0),2),"") | K12: =IFERROR(INDEX(Pairwise_Weights!$Q:$V,MATCH($A12,Pairwise_Weights!$A:$A,0),3),"") | L12: =IFERROR(INDEX(Pairwise_Weights!$Q:$V,MATCH($A12,Pairwise_Weights!$A:$A,0),4),"") | M12: =IFERROR(INDEX(Pairwise_Weights!$Q:$V,MATCH($A12,Pairwise_Weights!$A:$A,0),5),"") | N12: =IFERROR(INDEX(Pairwise_Weights!$Q:$V,MATCH($A12,Pairwise_Weights!$A:$A,0),6),"") | O12: =IF(OR(COUNT(C12:H12)<6,SUM(I12:N12)<>15),"",SUMPRODUCT(C12:H12,I12:N12)/15) | P12: =IF(COUNT(C12:H12)<6,"",AVERAGE(C12:H12)) | Q12: =IF(P12="","",IF(P12<10,"Very low",IF(P12<30,"Low",IF(P12<50,"Medium",IF(P12<80,"High","Very high"))))) | R12: =IF(COUNT(C12:H12)<6,"",INDEX(Subscale_Definitions!$B$2:$B$7,MATCH(MAX(C12:H12),C12:H12,0)))
A13: =TLX_Ratings!A13 | B13: =TLX_Ratings!B13 | C13: =IF(TLX_Ratings!D13="","",TLX_Ratings!D13) | D13: =IF(TLX_Ratings!E13="","",TLX_Ratings!E13) | E13: =IF(TLX_Ratings!F13="","",TLX_Ratings!F13) | F13: =IF(TLX_Ratings!G13="","",TLX_Ratings!G13) | G13: =IF(TLX_Ratings!H13="","",TLX_Ratings!H13) | H13: =IF(TLX_Ratings!I13="","",TLX_Ratings!I13) | I13: =IFERROR(INDEX(Pairwise_Weights!$Q:$V,MATCH($A13,Pairwise_Weights!$A:$A,0),1),"") | J13: =IFERROR(INDEX(Pairwise_Weights!$Q:$V,MATCH($A13,Pairwise_Weights!$A:$A,0),2),"") | K13: =IFERROR(INDEX(Pairwise_Weights!$Q:$V,MATCH($A13,Pairwise_Weights!$A:$A,0),3),"") | L13: =IFERROR(INDEX(Pairwise_Weights!$Q:$V,MATCH($A13,Pairwise_Weights!$A:$A,0),4),"") | M13: =IFERROR(INDEX(Pairwise_Weights!$Q:$V,MATCH($A13,Pairwise_Weights!$A:$A,0),5),"") | N13: =IFERROR(INDEX(Pairwise_Weights!$Q:$V,MATCH($A13,Pairwise_Weights!$A:$A,0),6),"") | O13: =IF(OR(COUNT(C13:H13)<6,SUM(I13:N13)<>15),"",SUMPRODUCT(C13:H13,I13:N13)/15) | P13: =IF(COUNT(C13:H13)<6,"",AVERAGE(C13:H13)) | Q13: =IF(P13="","",IF(P13<10,"Very low",IF(P13<30,"Low",IF(P13<50,"Medium",IF(P13<80,"High","Very high"))))) | R13: =IF(COUNT(C13:H13)<6,"",INDEX(Subscale_Definitions!$B$2:$B$7,MATCH(MAX(C13:H13),C13:H13,0)))
... A31: =TLX_Ratings!A31 | B31: =TLX_Ratings!B31 | C31: =IF(TLX_Ratings!D31="","",TLX_Ratings!D31) | D31: =IF(TLX_Ratings!E31="","",TLX_Ratings!E31) | E31: =IF(TLX_Ratings!F31="","",TLX_Ratings!F31) | F31: =IF(TLX_Ratings!G31="","",TLX_Ratings!G31) | G31: =IF(TLX_Ratings!H31="","",TLX_Ratings!H31) | H31: =IF(TLX_Ratings!I31="","",TLX_Ratings!I31) | I31: =IFERROR(INDEX(Pairwise_Weights!$Q:$V,MATCH($A31,Pairwise_Weights!$A:$A,0),1),"") | J31: =IFERROR(INDEX(Pairwise_Weights!$Q:$V,MATCH($A31,Pairwise_Weights!$A:$A,0),2),"") | K31: =IFERROR(INDEX(Pairwise_Weights!$Q:$V,MATCH($A31,Pairwise_Weights!$A:$A,0),3),"") | L31: =IFERROR(INDEX(Pairwise_Weights!$Q:$V,MATCH($A31,Pairwise_Weights!$A:$A,0),4),"") | M31: =IFERROR(INDEX(Pairwise_Weights!$Q:$V,MATCH($A31,Pairwise_Weights!$A:$A,0),5),"") | N31: =IFERROR(INDEX(Pairwise_Weights!$Q:$V,MATCH($A31,Pairwise_Weights!$A:$A,0),6),"") | O31: =IF(OR(COUNT(C31:H31)<6,SUM(I31:N31)<>15),"",SUMPRODUCT(C31:H31,I31:N31)/15) | P31: =IF(COUNT(C31:H31)<6,"",AVERAGE(C31:H31)) | Q31: =IF(P31="","",IF(P31<10,"Very low",IF(P31<30,"Low",IF(P31<50,"Medium",IF(P31<80,"High","Very high"))))) | R31: =IF(COUNT(C31:H31)<6,"",INDEX(Subscale_Definitions!$B$2:$B$7,MATCH(MAX(C31:H31),C31:H31,0)))
A33: Summary | D33: Weighted TLX stays blank until all six ratings exist AND the six weights sum to 15.
A34: n | B34: =COUNT(O2:O31)
A35: Mean weighted TLX | B35: =IFERROR(AVERAGE(O2:O31),"")
A36: SD weighted | B36: =IFERROR(STDEV(O2:O31),"")
A37: Mean RTLX | B37: =IFERROR(AVERAGE(P2:P31),"")
A38: SD RTLX | B38: =IFERROR(STDEV(P2:P31),"")
A39: Mean Mental Demand | B39: =IFERROR(AVERAGE(C2:C31),"")
A40: Mean Physical Demand | B40: =IFERROR(AVERAGE(D2:D31),"")
A41: Mean Temporal Demand | B41: =IFERROR(AVERAGE(E2:E31),"")
A42: Mean Performance | B42: =IFERROR(AVERAGE(F2:F31),"")
A43: Mean Effort | B43: =IFERROR(AVERAGE(G2:G31),"")
A44: Mean Frustration | B44: =IFERROR(AVERAGE(H2:H31),"")

Sheet Paper_Form
A1: NASA-TLX — participant rating sheet
A2: Participant ID: ____________ Condition: ____________ Date: ____________
A4: Part 1 — Mark one tick on each line (0 on the left, 100 on the right; each box is 5 points).
A6: Mental Demand | B6: Very Low | X6: Very High
A7: How much mental and perceptual activity was required (thinking, deciding, searching, remembering)? Was the task easy or demanding, simple or complex?
A9: Physical Demand | B9: Very Low | X9: Very High
A10: How much physical activity was required (holding the phone, head and neck posture, holding a fixation)? Was the task restful or laborious?
A12: Temporal Demand | B12: Very Low | X12: Very High
A13: How much time pressure did you feel due to the rate at which the task or task elements occurred? Was the pace slow and leisurely or rapid and frantic?
A15: Performance | B15: Perfect | X15: Failure
A16: How successful do you think you were in accomplishing the goals of the task? How satisfied were you with your performance?
A18: Effort | B18: Very Low | X18: Very High
A19: How hard did you have to work (mentally and physically) to accomplish your level of performance?
A21: Frustration | B21: Very Low | X21: Very High
A22: How insecure, discouraged, irritated, stressed and annoyed versus secure, gratified, content, relaxed and complacent did you feel during the task?
A24: Part 2 — For each pair, circle the ONE that contributed more to the workload.
A26: 1. Mental Demand / Physical Demand | I26: 2. Mental Demand / Temporal Demand | Q26: 3. Mental Demand / Performance
A27: 4. Mental Demand / Effort | I27: 5. Mental Demand / Frustration | Q27: 6. Physical Demand / Temporal Demand
A28: 7. Physical Demand / Performance | I28: 8. Physical Demand / Effort | Q28: 9. Physical Demand / Frustration
A29: 10. Temporal Demand / Performance | I29: 11. Temporal Demand / Effort | Q29: 12. Temporal Demand / Frustration
A30: 13. Performance / Effort | I30: 14. Performance / Frustration | Q30: 15. Effort / Frustration
